iter	Logloss
0	0.6125843439
1	0.5682126148
2	0.5270069886
3	0.5019780164
4	0.4824634212
5	0.4664117649
6	0.4566534362
7	0.4498973782
8	0.4332934438
9	0.4281051488
